BU	BUN	BUNK	TD	TDN	TDNK
0.004917	0.003619	0.004498	0.025262	0.013744	0.034216
0.003856	0.002333	0.002837	0.022292	0.008786	0.018917
0.003695	0.002495	0.002546	0.020226	0.009742	0.020209
