BU_t	BU_n	BU_p	BUN_t	BUN_n	BUN_p	BUNK_t	BUNK_n	BUNK_p	TD_t	TD_n	TD_p	TDN_t	TDN_n	TDN_p	TDNK_t	TDNK_n	TDNK_p
7.3e-05	0.0	12	5.6e-05	1.1e-05	7	6.8e-05	2.8e-05	7	0.000121	0.0	30	0.000223	0.0001	23	0.000703	0.000535	20
0.000105	0.0	12	5.5e-05	1.3e-05	7	7.3e-05	2.6e-05	7	0.000114	0.0	30	0.00029	0.000128	23	0.000778	0.000531	20
4.1e-05	0.0	12	4.3e-05	1.5e-05	7	6.3e-05	2.4e-05	7	0.000121	0.0	30	0.000231	9.3e-05	23	0.000557	0.000413	20
