BU	BUN	BUNK	TD	TDN	TDNK
42.872695	55.535053	47.011035	232.344522	214.583891	214.21777
42.906937	55.769547	47.076198	231.868719	215.08661	213.754416
42.663794	55.390892	46.953206	232.602003	214.417655	214.344293
