BU	BUN	BUNK	TD	TDN	TDNK
9.4e-05	5.4e-05	5.9e-05	0.000429	0.000144	0.000333
0.000141	4.5e-05	7.6e-05	0.000381	0.000287	0.000387
0.0001	8.4e-05	7.1e-05	0.000466	0.000261	0.00049
