BU_t	BU_n	BU_p	BUN_t	BUN_n	BUN_p	BUNK_t	BUNK_n	BUNK_p	TD_t	TD_n	TD_p	TDN_t	TDN_n	TDN_p	TDNK_t	TDNK_n	TDNK_p
0.001833	0.0	910	0.00348	0.001836	443	0.005379	0.003681	404	0.002994	0.0	437	0.007052	0.003691	264	0.041706	0.033372	591
0.00277	0.0	910	0.004486	0.002183	443	0.005798	0.003794	404	0.003921	0.0	437	0.005998	0.003182	264	0.041798	0.03321	591
0.00277	0.0	910	0.003301	0.001685	443	0.005063	0.003472	404	0.003804	0.0	437	0.006878	0.003522	264	0.041822	0.033453	591
