BU_t	BU_n	BU_p	BUN_t	BUN_n	BUN_p	BUNK_t	BUNK_n	BUNK_p	TD_t	TD_n	TD_p	TDN_t	TDN_n	TDN_p	TDNK_t	TDNK_n	TDNK_p
0.000216	0.0	12	0.000116	2e-05	7	0.000116	4.4e-05	7	0.00026	0.0	30	0.000438	0.00017	23	0.000844	0.000619	18
5.7e-05	0.0	12	9.8e-05	2.3e-05	7	0.00013	5.7e-05	7	0.000288	0.0	30	0.00039	0.00016	23	0.00084	0.000622	18
5.9e-05	0.0	12	0.000156	3.3e-05	7	0.000129	5.3e-05	7	0.00032	0.0	30	0.000423	0.000172	23	0.000864	0.000618	18
