BU	BUN	BUNK	TD	TDN	TDNK
0.352279	0.25408	0.303436	21.195866	15.565652	15.796734
0.351591	0.252623	0.306258	21.103207	14.925781	15.856153
0.350803	0.25389	0.30383	22.579538	14.894546	15.793366
