BU_t	BU_n	BU_p	BUN_t	BUN_n	BUN_p	BUNK_t	BUNK_n	BUNK_p	TD_t	TD_n	TD_p	TDN_t	TDN_n	TDN_p	TDNK_t	TDNK_n	TDNK_p
0.001455	0.0	910	0.001916	0.00051	443	0.00319	0.002339	441	0.001718	0.0	437	0.004222	0.001594	264	0.004479	0.003674	163
0.001105	0.0	910	0.00191	0.000484	443	0.003539	0.002543	441	0.001724	0.0	437	0.004197	0.001428	264	0.004974	0.004024	163
0.001088	0.0	910	0.002043	0.00055	443	0.004659	0.003407	441	0.001877	0.0	437	0.003249	0.001211	264	0.004619	0.003761	163
