BU	BUN	BUNK	TD	TDN	TDNK
0.434623	0.434853	0.391714	16.277679	8.135069	13.555496
0.433709	0.427292	0.384655	16.1739	8.148566	13.503541
0.432042	0.426556	0.391154	16.314425	8.183338	13.568155
