BU	BUN	BUNK	TD	TDN	TDNK
0.461271	0.502015	0.439047	21.08719	12.713533	17.717372
0.467987	0.477437	0.417564	21.068728	13.735052	18.550567
0.466576	0.472234	0.404347	21.612011	13.057485	17.956291
