BU	BUN	BUNK	TD	TDN	TDNK
0.084274	0.052104	0.093977	0.360311	0.390152	0.404228
0.090302	0.04689	0.09508	0.373508	0.396663	0.409836
0.083517	0.050225	0.090545	0.385941	0.401972	0.399646
