BU	BUN	BUNK	TD	TDN	TDNK
8.899776	6.366375	10.110484	53.142004	33.477913	56.194806
9.230943	6.595817	10.53767	53.45653	34.493551	53.781594
8.42205	5.898661	10.172502	49.641809	31.803348	50.826455
