BU	BUN	BUNK	TD	TDN	TDNK
5.393615	6.700829	4.913156	300	300	300
5.38746	6.730984	4.940652	300	300	300
5.413418	6.725756	4.929377	300	300	300
