BU	BUN	BUNK	TD	TDN	TDNK
0.493836	0.491979	0.437527	28.852924	24.098606	22.485834
0.501669	0.492586	0.401809	27.222814	24.440078	22.49468
0.487238	0.444908	0.401962	26.667266	23.539452	22.487919
