BU	BUN	BUNK	TD	TDN	TDNK
0.082528	0.06103	0.084793	0.084538	0.050634	0.062481
0.082396	0.061029	0.083846	0.085659	0.05075	0.062833
0.082219	0.060824	0.084	0.085867	0.050592	0.064235
