BU	BUN	BUNK	TD	TDN	TDNK
4.577943	3.855465	4.893038	217.117751	118.519404	167.195174
4.500907	3.893637	5.019748	227.908506	98.32811	139.959756
4.890215	4.020655	5.612027	142.013374	80.408464	161.162978
