BU	BUN	BUNK	TD	TDN	TDNK
0.038116	0.018683	0.03216	0.027868	0.133289	0.020759
0.040059	0.019389	0.034356	0.028629	0.149199	0.018636
0.037567	0.019487	0.035066	0.027879	0.136705	0.018743
