BU	BUN	BUNK	TD	TDN	TDNK
7.663511	5.022204	8.109222	75.537158	201.27962	64.166078
6.892129	4.696844	7.67871	73.570024	194.070123	67.601611
7.26251	5.03979	7.986	74.588011	209.298915	64.644578
