BU	BUN	BUNK	TD	TDN	TDNK
0.037137	0.023431	0.036464	0.030636	0.085549	0.027787
0.042377	0.018701	0.031882	0.030331	0.086486	0.019101
0.034269	0.018312	0.035682	0.029269	0.07298	0.018919
