BU	BUN	BUNK	TD	TDN	TDNK
0.042984	0.028869	0.037066	0.036396	0.089253	0.020488
0.038131	0.019952	0.034194	0.031248	0.099358	0.021418
0.037681	0.023542	0.03947	0.029623	0.081898	0.019809
