BU	BUN	BUNK	TD	TDN	TDNK
0.006078	0.004077	0.004572	0.049804	0.015671	0.04848
0.005632	0.004762	0.004722	0.050599	0.017914	0.048878
0.004883	0.004048	0.004408	0.052784	0.015662	0.05249
