BU	BUN	BUNK	TD	TDN	TDNK
4.704831	4.111308	5.633385	79.912868	50.444188	71.372357
4.55033	3.912659	5.148228	79.49136	48.715107	76.471102
4.904249	3.975009	5.049563	76.806516	51.093049	76.619337
