BU_t	BU_n	BU_p	BUN_t	BUN_n	BUN_p	BUNK_t	BUNK_n	BUNK_p	TD_t	TD_n	TD_p	TDN_t	TDN_n	TDN_p	TDNK_t	TDNK_n	TDNK_p
0.009731	0.0	3228	0.007258	0.002362	899	0.008905	0.005126	751	0.04137	0.0	3159	0.025305	0.011482	650	0.044856	0.03698	516
0.009255	0.0	3228	0.007519	0.002561	899	0.007691	0.004455	751	0.042001	0.0	3159	0.022488	0.009968	650	0.042228	0.034608	516
0.010326	0.0	3228	0.007423	0.002379	899	0.010466	0.006005	751	0.05602	0.0	3159	0.017629	0.007815	650	0.044734	0.036561	516
