BU_t	BU_n	BU_p	BUN_t	BUN_n	BUN_p	BUNK_t	BUNK_n	BUNK_p	TD_t	TD_n	TD_p	TDN_t	TDN_n	TDN_p	TDNK_t	TDNK_n	TDNK_p
0.008452	0.0	3228	0.004123	0.002257	899	0.004584	0.002612	751	0.025678	0.0	3159	0.009285	0.004017	650	0.021235	0.016476	447
0.004661	0.0	3228	0.003801	0.002013	899	0.006325	0.003334	751	0.020372	0.0	3159	0.011798	0.004908	650	0.018745	0.014783	447
0.005287	0.0	3228	0.004602	0.002594	899	0.00444	0.002562	751	0.022018	0.0	3159	0.009323	0.003966	650	0.017886	0.014288	447
