BU	BUN	BUNK	TD	TDN	TDNK
0.082913	0.060724	0.083417	0.242638	0.025722	0.19103
0.083163	0.061387	0.08435	0.250887	0.026128	0.189625
0.083268	0.061189	0.083532	0.242827	0.026002	0.192186
