BU	BUN	BUNK	TD	TDN	TDNK
0.460939	0.45555	0.418118	40.48274	18.759305	34.933103
0.477722	0.514325	0.434512	40.294028	17.960084	34.410696
0.46641	0.455531	0.407995	40.999517	19.22649	33.852911
