BU_t	BU_n	BU_p	BUN_t	BUN_n	BUN_p	BUNK_t	BUNK_n	BUNK_p	TD_t	TD_n	TD_p	TDN_t	TDN_n	TDN_p	TDNK_t	TDNK_n	TDNK_p
0.00504	0.0	3226	0.004619	0.002641	897	0.00432	0.002453	749	0.025123	0.0	3163	0.009453	0.004025	654	0.021446	0.016689	443
0.005247	0.0	3226	0.003534	0.001858	897	0.004951	0.002859	749	0.019239	0.0	3163	0.009664	0.004176	654	0.020816	0.016185	443
0.004641	0.0	3226	0.003736	0.002005	897	0.006478	0.003403	749	0.020197	0.0	3163	0.012906	0.00564	654	0.018067	0.014358	443
