BU_t	BU_n	BU_p	BUN_t	BUN_n	BUN_p	BUNK_t	BUNK_n	BUNK_p	TD_t	TD_n	TD_p	TDN_t	TDN_n	TDN_p	TDNK_t	TDNK_n	TDNK_p
0.008205	0.0	3226	0.00804	0.00265	897	0.009691	0.005309	749	0.05031	0.0	3163	0.01786	0.007657	654	0.04829	0.039339	520
0.012452	0.0	3226	0.007632	0.002467	897	0.008264	0.004723	749	0.045321	0.0	3163	0.018478	0.00822	654	0.042415	0.034811	520
0.014188	0.0	3226	0.00693	0.002332	897	0.008811	0.005013	749	0.051795	0.0	3163	0.022499	0.010002	654	0.039393	0.032607	520
