BU	BUN	BUNK	TD	TDN	TDNK
4.570491	3.762167	4.841307	70.38426	70.909761	67.341877
4.556863	3.826741	4.85505	72.701441	80.17471	61.736564
4.588123	3.975987	5.133138	69.977453	69.235538	58.572531
