BU	BUN	BUNK	TD	TDN	TDNK
0.008138	0.00364	0.0067	0.056238	0.017184	0.044394
0.005279	0.004956	0.005676	0.053913	0.016195	0.050652
0.004883	0.00524	0.004461	0.052528	0.017525	0.049183
