BU	BUN	BUNK	TD	TDN	TDNK
0.030566	0.019487	0.022916	0.135945	0.055546	0.077578
0.030473	0.019762	0.023733	0.135338	0.060033	0.077623
0.030515	0.019709	0.022803	0.136506	0.055379	0.07888
