BU	BUN	BUNK	TD	TDN	TDNK
8.620199	6.464054	7.454598	96.38336	63.554438	64.099005
8.432809	6.657188	6.723759	91.135356	66.824107	65.046789
8.45875	6.349981	6.847982	94.751406	69.326671	66.166077
