BU	BUN	BUNK	TD	TDN	TDNK
0.570932	0.380814	0.488034	3.322168	2.239697	2.334948
0.567444	0.38435	0.481444	3.315229	2.261246	2.404288
0.600212	0.411777	0.534338	3.40798	2.320657	2.393569
