BU	BUN	BUNK	TD	TDN	TDNK
2.194451	1.75088	1.694905	17.77639	12.376622	12.614968
2.159676	1.612241	1.752419	19.259857	12.363058	13.056103
2.161169	1.630538	1.671877	18.034293	13.917191	14.027588
