BU	BUN	BUNK	TD	TDN	TDNK
0.528714	1.26525	0.501898	244.30773	153.861505	145.763319
0.537323	1.272455	0.509791	156.999552	102.028637	179.474047
0.554674	1.32293	0.491992	232.135108	193.509566	206.093832
