BU	BUN	BUNK	TD	TDN	TDNK
0.594761	0.397303	0.493168	2.684929	3.462484	1.856175
0.596974	0.406188	0.492496	2.699653	3.433028	1.841532
0.594856	0.407844	0.490194	2.685305	3.483997	1.836832
