BU	BUN	BUNK	TD	TDN	TDNK
0.59385	1.504723	0.524476	120.581083	93.707412	106.468469
0.586523	1.483806	0.523892	120.274607	93.832702	106.85838
0.617545	1.499202	0.525187	120.497598	93.750877	106.777695
