BU	BUN	BUNK	TD	TDN	TDNK
0.466384	0.465644	0.407295	64.263431	26.061316	53.2214
0.443774	0.437311	0.402572	64.257551	25.879906	54.235481
0.459201	0.57473	0.413049	67.573647	27.843642	58.857363
