BU	BUN	BUNK	TD	TDN	TDNK
0.030319	0.019694	0.023354	0.105787	0.127361	0.059094
0.030412	0.0199	0.023241	0.106833	0.129778	0.059074
0.030947	0.020074	0.023367	0.106202	0.130266	0.059409
