BU	BUN	BUNK	TD	TDN	TDNK
1.561166	1.147623	1.220462	13.540153	10.221528	9.863355
1.847183	1.192891	1.275552	13.709376	9.854742	9.450755
1.750545	1.245663	1.354202	13.473726	9.562614	9.74807
